#New members please add your credentials to the bottom of the file.

- name: Oana Rosca
  github: oanarosca
  image: oanarosca.jpg
  twitter: oanarosca12
  facebook: https://facebook.com/Rosca.Oanaa
  bio: 17, Romanian, coder, geek, science enthusiast :D

- name: Haikal Izzuddin
  github: webhaikal
  image: haikal.png
  twitter: prototypestd
  facebook: https://facebook.com/haikalizz27
  bio: Malaysian, coder, gamer, SMK Taman Melawati FTW!

- name: mehant
  blog_link: "http://mehant-alphaunitedteam.blogspot.in/"
  email: kmehant@gmail.com
  github_username: "https://github.com/kmehant"
  image_url: ../images/mehant.jpg
  twitter_link: "https://twitter.com/mehant1"
  bio: I don't play games, I build games! "GameJamTitans finalist" \m/

- name: Alejandro Heredia
  email: alex.heredia.barbosa@gmail.com
  github: Heredroky
  image: ../images/AlejandroHeredia.jpg
  twitter: Heredroky
  facebook: https://www.facebook.com/alejandro.heredia.756
  bio: Colombian, Coder, technology lover, IoT enthusiast, 14

- name: Aryan Bhasin
  email: bhasinaryan@gmail.com
  github: aryanbhasin
  twitter: aryanbhasin
  facebook: https://www.facebook.com/bhasinaryan
  image: ../images/aryan.jpg
  bio: 16, Indian, computer science and maths enthusiast

- name: Darshil Patel
  email: darshil-patel@hotmail.com
  github: darshilpatel
  twitter: darshil36
  facebook: https://www.facebook.com/darshil36
  image: ../images/darshil.jpg
  bio: 16, Computer enthusiast, soccer player, cars, business, startups

- name: Pol Baladas
  email: polbaladasluna@gmail.com
  github: PolBaladas
  twitter: PolBaladas
  image: ../images/pol.jpg
  bio: 17, Hacker, Software Dev, Entrepreneur, GCI Lover ⌨

- name: David Nagli
  email: davidnagli@gmail.com
  github: davidnagli
  image: ../images/david.jpg
  websites:
    -dnagli.com
    -uslre.com
  bio: Full-Stack JavaScript Developer, Scratch-JS and USLRE.com

- name: Thien Hoang
  email: thienhoangvan.edu@gmail.com
  github: hoangvanthien
  facebook: https://www.facebook.com/hvt99
  twitter: ThienVHoang
  image: ../images/thien.jpg
  bio: 17 years old, Vietnamese, study Computer Science.

  name: Boh Jie Qi
    email: boh.jieqi@dhs.sg
    github: BohJieQi
    facebook: -
    twitter: JieQiBoh
    image: ../images/JQ.png
    bio: 16 years old, loves GCI and ball is life.

 - name: George Semenov
    email: themrgeorgeous@gmail.com
    github: MrGeorgeous
    facebook: https://www.facebook.com/themrgeorgeous
    twitter: TheMrGeorgeous
    image: ../images/mrgeorgeous.jpg
    websites:
        -mrgeorgeous.ru
        -mrgeorgeous.com
    bio: iOS, Android, PHP Dev, 15 y.o, coding for 6 years.

  -name: Shreyas Sanghvi
    email: Shreyas.sanghvi11@gmail.com
    github: shreyassanghvi
    facebook: https://www.facebook.com/Alpha.Foxtrot11
    twitter: Shreyas2101
    image: ../images/shreyas.jpg
    bio: 17 years old, Indian, Studying Computer Science
